order_item_id,order_id,product_id,quantity,unit_price
OI001,O001,P002,1,1499.0
OI002,O001,P003,1,299.0
OI003,O002,P001,1,799.0
OI004,O002,P008,1,999.0
OI005,O003,P006,1,2299.0
OI006,O003,P007,1,499.0
OI007,O004,P004,1,5499.0
OI008,O005,P003,1,299.0
OI009,O005,P007,1,499.0
OI010,O006,P006,1,2299.0
OI011,O007,P002,1,1499.0
OI012,O008,P008,2,999.0
OI013,O009,P005,1,1199.0
OI014,O010,P001,1,799.0
OI015,O010,P002,1,1499.0
OI016,O010,P003,1,299.0
OI017,O011,P008,1,999.0
OI018,O012,P004,1,5499.0
OI019,O012,P007,1,499.0
OI020,O013,P001,2,799.0
OI021,O014,P003,2,299.0
OI022,O014,P006,1,2299.0
OI023,O015,P006,1,2299.0
